{
  "args": {
    "arch": "graphseg",
    "backbone": "segformer_b0",
    "batch": 8,
    "bilateral_sigmas": "0.05,0.10,0.20",
    "ckpt": "/users/project1/pt01315/emnlp/grm_media/runs/binary_host/kvasir_seg_graphseg_segformer_b0_s1_mediafinal_graphseg_e120/ckpt/best.pt",
    "data_verbose": 1,
    "depth": 3,
    "feat_dim": 256,
    "gaussian_sigmas": "0.75,1.25,2.0",
    "graph_down": 2,
    "grid4": 1,
    "hidden": 512,
    "idx_eval": "/users/project1/pt01315/emnlp/grm_media/dataset_splits/kvasir_seg_352/test.txt",
    "img_size": 352,
    "max_batches": 0,
    "min_areas": "25,50,100,250",
    "morph_ks": "3,5,7,9,11",
    "npz_all": "/users/project1/pt01315/emnlp/grm_media/data_npz/kvasir_seg_352.npz",
    "out_csv": "/users/project1/pt01315/emnlp/grm_media/results/refiner_zoo_uncert/kvasir_seg_mediafinal_graphseg_e120_zoo.csv",
    "out_summary": "/users/project1/pt01315/emnlp/grm_media/results/refiner_zoo_uncert/kvasir_seg_mediafinal_graphseg_e120_zoo.json",
    "seed": 1,
    "unet_base": 32,
    "workers": 2
  },
  "summary": [
    {
      "alpha": 3.0,
      "harmed_rate": 0.3333333333333333,
      "improved_rate": 0.6666666666666666,
      "mean_dice": 0.4934517968278525,
      "mean_gain": 0.005758074748011485,
      "mean_harm": 0.03960697466286727,
      "mean_iou": 0.38201892761332296,
      "method": "binary_morph",
      "n": 150,
      "worst_drop": -0.4294034531079134
    },
    {
      "alpha": 5.0,
      "harmed_rate": 0.32666666666666666,
      "improved_rate": 0.6733333333333333,
      "mean_dice": 0.4848783617510321,
      "mean_gain": -0.0028153603288089313,
      "mean_harm": 0.04835873337122583,
      "mean_iou": 0.37709127784822816,
      "method": "binary_morph",
      "n": 150,
      "worst_drop": -0.4294034531103508
    },
    {
      "alpha": 7.0,
      "harmed_rate": 0.32666666666666666,
      "improved_rate": 0.6733333333333333,
      "mean_dice": 0.4845007385627786,
      "mean_gain": -0.003192983517062434,
      "mean_harm": 0.04879645544181996,
      "mean_iou": 0.37698805282755304,
      "method": "binary_morph",
      "n": 150,
      "worst_drop": -0.42940345311774114
    },
    {
      "alpha": 9.0,
      "harmed_rate": 0.3466666666666667,
      "improved_rate": 0.6533333333333333,
      "mean_dice": 0.4950159966650684,
      "mean_gain": 0.0073222745852275055,
      "mean_harm": 0.04240109581588434,
      "mean_iou": 0.38556353928118026,
      "method": "binary_morph",
      "n": 150,
      "worst_drop": -0.4294034531203489
    },
    {
      "alpha": 11.0,
      "harmed_rate": 0.34,
      "improved_rate": 0.66,
      "mean_dice": 0.4882283562169269,
      "mean_gain": 0.0005346341370859831,
      "mean_harm": 0.04793585087514931,
      "mean_iou": 0.38014297002532277,
      "method": "binary_morph",
      "n": 150,
      "worst_drop": -0.5852105200441453
    },
    {
      "alpha": 3.0,
      "harmed_rate": 0.25333333333333335,
      "improved_rate": 0.7466666666666667,
      "mean_dice": 0.4887190367468698,
      "mean_gain": 0.0010253146670288439,
      "mean_harm": 0.00021600939994897582,
      "mean_iou": 0.35763893274847447,
      "method": "close_only",
      "n": 150,
      "worst_drop": -0.002325100801778668
    },
    {
      "alpha": 5.0,
      "harmed_rate": 0.29333333333333333,
      "improved_rate": 0.7066666666666667,
      "mean_dice": 0.49155171210814935,
      "mean_gain": 0.0038579900283082463,
      "mean_harm": 0.0009475049883494735,
      "mean_iou": 0.36014502504677653,
      "method": "close_only",
      "n": 150,
      "worst_drop": -0.0110566456911102
    },
    {
      "alpha": 7.0,
      "harmed_rate": 0.36666666666666664,
      "improved_rate": 0.6333333333333333,
      "mean_dice": 0.4932988619843746,
      "mean_gain": 0.005605139904533712,
      "mean_harm": 0.002321424386166218,
      "mean_iou": 0.3617010743421656,
      "method": "close_only",
      "n": 150,
      "worst_drop": -0.027476015507259643
    },
    {
      "alpha": 9.0,
      "harmed_rate": 0.38666666666666666,
      "improved_rate": 0.6133333333333333,
      "mean_dice": 0.4957244663169168,
      "mean_gain": 0.008030744237075811,
      "mean_harm": 0.004268120920158069,
      "mean_iou": 0.3639099680402392,
      "method": "close_only",
      "n": 150,
      "worst_drop": -0.040811007941223
    },
    {
      "alpha": 11.0,
      "harmed_rate": 0.38,
      "improved_rate": 0.62,
      "mean_dice": 0.4981061662548016,
      "mean_gain": 0.010412444174960506,
      "mean_harm": 0.005786909767965541,
      "mean_iou": 0.3660828969160627,
      "method": "close_only",
      "n": 150,
      "worst_drop": -0.055054570177147044
    },
    {
      "alpha": 0.0,
      "harmed_rate": 0.0,
      "improved_rate": 0.0,
      "mean_dice": 0.48769372207984096,
      "mean_gain": 0.0,
      "mean_harm": 0.0,
      "mean_iou": 0.35670992501187354,
      "method": "fill_holes",
      "n": 150,
      "worst_drop": 0.0
    },
    {
      "alpha": 0.0,
      "harmed_rate": 0.0,
      "improved_rate": 0.0,
      "mean_dice": 0.48769372207984096,
      "mean_gain": 0.0,
      "mean_harm": 0.0,
      "mean_iou": 0.35670992501187354,
      "method": "host",
      "n": 150,
      "worst_drop": 0.0
    },
    {
      "alpha": 0.0,
      "harmed_rate": 0.3466666666666667,
      "improved_rate": 0.6533333333333333,
      "mean_dice": 0.4905363648662247,
      "mean_gain": 0.0028426427863837023,
      "mean_harm": 0.0422252524447225,
      "mean_iou": 0.3799145566079155,
      "method": "largest_cc",
      "n": 150,
      "worst_drop": -0.42940345310765027
    },
    {
      "alpha": 0.0,
      "harmed_rate": 0.3466666666666667,
      "improved_rate": 0.6533333333333333,
      "mean_dice": 0.4905363648662247,
      "mean_gain": 0.0028426427863837023,
      "mean_harm": 0.0422252524447225,
      "mean_iou": 0.3799145566079155,
      "method": "lcc_fill",
      "n": 150,
      "worst_drop": -0.42940345310765027
    },
    {
      "alpha": 3.0,
      "harmed_rate": 0.24,
      "improved_rate": 0.76,
      "mean_dice": 0.48883672568561487,
      "mean_gain": 0.0011430036057738732,
      "mean_harm": 0.0007324760124082663,
      "mean_iou": 0.3580803589065055,
      "method": "open_close",
      "n": 150,
      "worst_drop": -0.010729016334188074
    },
    {
      "alpha": 5.0,
      "harmed_rate": 0.28,
      "improved_rate": 0.72,
      "mean_dice": 0.4907494552127885,
      "mean_gain": 0.0030557331329475437,
      "mean_harm": 0.0032019401213988496,
      "mean_iou": 0.3608338558575354,
      "method": "open_close",
      "n": 150,
      "worst_drop": -0.034509957810628156
    },
    {
      "alpha": 7.0,
      "harmed_rate": 0.31333333333333335,
      "improved_rate": 0.6866666666666666,
      "mean_dice": 0.49065506100711287,
      "mean_gain": 0.002961338927271816,
      "mean_harm": 0.0073554335807924295,
      "mean_iou": 0.36231267408038653,
      "method": "open_close",
      "n": 150,
      "worst_drop": -0.06450436934110712
    },
    {
      "alpha": 9.0,
      "harmed_rate": 0.3466666666666667,
      "improved_rate": 0.6533333333333333,
      "mean_dice": 0.4892572879612976,
      "mean_gain": 0.0015635658814566464,
      "mean_harm": 0.013529840490591354,
      "mean_iou": 0.36341842418018966,
      "method": "open_close",
      "n": 150,
      "worst_drop": -0.13724409871269955
    },
    {
      "alpha": 11.0,
      "harmed_rate": 0.4066666666666667,
      "improved_rate": 0.5933333333333334,
      "mean_dice": 0.48525453656118817,
      "mean_gain": -0.0024391855186529005,
      "mean_harm": 0.021456152432552257,
      "mean_iou": 0.36243263063526615,
      "method": "open_close",
      "n": 150,
      "worst_drop": -0.22243352956992773
    },
    {
      "alpha": 0.05,
      "harmed_rate": 0.32,
      "improved_rate": 0.68,
      "mean_dice": 0.48809317130304125,
      "mean_gain": 0.0003994492232002448,
      "mean_harm": 0.00032619248118994417,
      "mean_iou": 0.35717950012775845,
      "method": "prob_bilateral",