{
  "args": {
    "arch": "unet_small",
    "backbone": "segformer_b0",
    "batch": 8,
    "bilateral_sigmas": "0.05,0.10,0.20",
    "ckpt": "/users/project1/pt01315/emnlp/grm_media/runs/binary_host/msd_heart_mri_unet_b32_s1_mediafinal_unet_mri_e120/ckpt/best.pt",
    "data_verbose": 1,
    "depth": 3,
    "feat_dim": 256,
    "gaussian_sigmas": "0.75,1.25,2.0",
    "graph_down": 2,
    "grid4": 1,
    "hidden": 512,
    "idx_eval": "/users/project1/pt01315/emnlp/grm_media/dataset_splits/msd_heart_mri_352/test.txt",
    "img_size": 352,
    "max_batches": 0,
    "min_areas": "25,50,100,250",
    "morph_ks": "3,5,7,9,11",
    "npz_all": "/users/project1/pt01315/emnlp/grm_media/data_npz/msd_heart_mri_352.npz",
    "out_csv": "/users/project1/pt01315/emnlp/grm_media/results/refiner_zoo_uncert/msd_heart_mri_mediafinal_unet_mri_e120_zoo.csv",
    "out_summary": "/users/project1/pt01315/emnlp/grm_media/results/refiner_zoo_uncert/msd_heart_mri_mediafinal_unet_mri_e120_zoo.json",
    "seed": 1,
    "unet_base": 32,
    "workers": 2
  },
  "summary": [
    {
      "alpha": 3.0,
      "harmed_rate": 0.26126126126126126,
      "improved_rate": 0.42342342342342343,
      "mean_dice": 0.7118790662628269,
      "mean_gain": 0.0017454108566726865,
      "mean_harm": 0.006993071875795848,
      "mean_iou": 0.6301427116757956,
      "method": "binary_morph",
      "n": 222,
      "worst_drop": -0.1669590640060617
    },
    {
      "alpha": 5.0,
      "harmed_rate": 0.31981981981981983,
      "improved_rate": 0.4954954954954955,
      "mean_dice": 0.7103565290347014,
      "mean_gain": 0.00022287362854714432,
      "mean_harm": 0.008693058181851003,
      "mean_iou": 0.6294669285064225,
      "method": "binary_morph",
      "n": 222,
      "worst_drop": -0.22429906032442326
    },
    {
      "alpha": 7.0,
      "harmed_rate": 0.31981981981981983,
      "improved_rate": 0.5315315315315315,
      "mean_dice": 0.70588112586785,
      "mean_gain": -0.004252529538304279,
      "mean_harm": 0.013634262003711789,
      "mean_iou": 0.6267457639745951,
      "method": "binary_morph",
      "n": 222,
      "worst_drop": -0.6601941605125078
    },
    {
      "alpha": 9.0,
      "harmed_rate": 0.32882882882882886,
      "improved_rate": 0.527027027027027,
      "mean_dice": 0.6973885939406904,
      "mean_gain": -0.012745061465463923,
      "mean_harm": 0.023728273182462137,
      "mean_iou": 0.6216497385540186,
      "method": "binary_morph",
      "n": 222,
      "worst_drop": -0.6601941605125078
    },
    {
      "alpha": 11.0,
      "harmed_rate": 0.36486486486486486,
      "improved_rate": 0.49099099099099097,
      "mean_dice": 0.686859327404658,
      "mean_gain": -0.0232743280014963,
      "mean_harm": 0.0390077704199448,
      "mean_iou": 0.6146683250276667,
      "method": "binary_morph",
      "n": 222,
      "worst_drop": -0.8178694102222583
    },
    {
      "alpha": 3.0,
      "harmed_rate": 0.17567567567567569,
      "improved_rate": 0.2747747747747748,
      "mean_dice": 0.7104282987489359,
      "mean_gain": 0.0002946433427816051,
      "mean_harm": 0.00023532590329903823,
      "mean_iou": 0.6269215600028604,
      "method": "close_only",
      "n": 222,
      "worst_drop": -0.008008898769759187
    },
    {
      "alpha": 5.0,
      "harmed_rate": 0.2072072072072072,
      "improved_rate": 0.34684684684684686,
      "mean_dice": 0.7107892505523031,
      "mean_gain": 0.00065559514614887,
      "mean_harm": 0.0006342223642793562,
      "mean_iou": 0.6274835775246632,
      "method": "close_only",
      "n": 222,
      "worst_drop": -0.018914283072656746
    },
    {
      "alpha": 7.0,
      "harmed_rate": 0.24324324324324326,
      "improved_rate": 0.38738738738738737,
      "mean_dice": 0.7105439632425214,
      "mean_gain": 0.0004103078363672624,
      "mean_harm": 0.0015138167064450692,
      "mean_iou": 0.6272537698341552,
      "method": "close_only",
      "n": 222,
      "worst_drop": -0.033570072266854156
    },
    {
      "alpha": 9.0,
      "harmed_rate": 0.2927927927927928,
      "improved_rate": 0.36936936936936937,
      "mean_dice": 0.7097654834524194,
      "mean_gain": -0.0003681719537348313,
      "mean_harm": 0.002697926812468368,
      "mean_iou": 0.6262639676661756,
      "method": "close_only",
      "n": 222,
      "worst_drop": -0.05599264373904567
    },
    {
      "alpha": 11.0,
      "harmed_rate": 0.2972972972972973,
      "improved_rate": 0.3738738738738739,
      "mean_dice": 0.7085864171332886,
      "mean_gain": -0.001547238272865617,
      "mean_harm": 0.004050923804851553,
      "mean_iou": 0.6247984666991264,
      "method": "close_only",
      "n": 222,
      "worst_drop": -0.06521548151984025
    },
    {
      "alpha": 0.0,
      "harmed_rate": 0.0,
      "improved_rate": 0.0,
      "mean_dice": 0.7101336554061541,
      "mean_gain": 0.0,
      "mean_harm": 0.0,
      "mean_iou": 0.6265054231756304,
      "method": "fill_holes",
      "n": 222,
      "worst_drop": 0.0
    },
    {
      "alpha": 0.0,
      "harmed_rate": 0.0,
      "improved_rate": 0.0,
      "mean_dice": 0.7101336554061541,
      "mean_gain": 0.0,
      "mean_harm": 0.0,
      "mean_iou": 0.6265054231756304,
      "method": "host",
      "n": 222,
      "worst_drop": 0.0
    },
    {
      "alpha": 0.0,
      "harmed_rate": 0.11261261261261261,
      "improved_rate": 0.15765765765765766,
      "mean_dice": 0.7116369484314657,
      "mean_gain": 0.0015032930253114393,
      "mean_harm": 0.006797284085131385,
      "mean_iou": 0.6297551501245184,
      "method": "largest_cc",
      "n": 222,
      "worst_drop": -0.19724310738476636
    },
    {
      "alpha": 0.0,
      "harmed_rate": 0.11261261261261261,
      "improved_rate": 0.15765765765765766,
      "mean_dice": 0.7116369484314657,
      "mean_gain": 0.0015032930253114393,
      "mean_harm": 0.006797284085131385,
      "mean_iou": 0.6297551501245184,
      "method": "lcc_fill",
      "n": 222,
      "worst_drop": -0.19724310738476636
    },
    {
      "alpha": 3.0,
      "harmed_rate": 0.2702702702702703,
      "improved_rate": 0.4369369369369369,
      "mean_dice": 0.7102986963742526,
      "mean_gain": 0.00016504096809841519,
      "mean_harm": 0.0008209833553806007,
      "mean_iou": 0.626938019773477,
      "method": "open_close",
      "n": 222,
      "worst_drop": -0.013710043801857141
    },
    {
      "alpha": 5.0,
      "harmed_rate": 0.3333333333333333,
      "improved_rate": 0.4954954954954955,
      "mean_dice": 0.7091931565011554,
      "mean_gain": -0.000940498904998882,
      "mean_harm": 0.00333029494071211,
      "mean_iou": 0.6266590139595002,
      "method": "open_close",
      "n": 222,
      "worst_drop": -0.22429906032442326
    },
    {
      "alpha": 7.0,
      "harmed_rate": 0.3738738738738739,
      "improved_rate": 0.481981981981982,
      "mean_dice": 0.7028367602697093,
      "mean_gain": -0.00729689513644503,
      "mean_harm": 0.010878351650213707,
      "mean_iou": 0.621943978948247,
      "method": "open_close",
      "n": 222,
      "worst_drop": -0.6601941605125078
    },
    {
      "alpha": 9.0,
      "harmed_rate": 0.36486486486486486,
      "improved_rate": 0.49099099099099097,
      "mean_dice": 0.6919443013492176,
      "mean_gain": -0.018189354056936665,
      "mean_harm": 0.02469086346341782,
      "mean_iou": 0.6142395879104826,
      "method": "open_close",
      "n": 222,
      "worst_drop": -0.6601941605125078
    },
    {
      "alpha": 11.0,
      "harmed_rate": 0.43243243243243246,
      "improved_rate": 0.42342342342342343,
      "mean_dice": 0.6800233131752099,
      "mean_gain": -0.03011034223094426,
      "mean_harm": 0.04280729874456343,
      "mean_iou": 0.6063654650903435,
      "method": "open_close",
      "n": 222,
      "worst_drop": -0.8178694102222583
    },
    {
      "alpha": 0.05,
      "harmed_rate": 0.21621621621621623,
      "improved_rate": 0.18468468468468469,
      "mean_dice": 0.710076708780899,