{
  "args": {
    "arch": "graphseg",
    "backbone": "segformer_b0",
    "batch": 8,
    "bilateral_sigmas": "0.05,0.10,0.20",
    "ckpt": "/users/project1/pt01315/emnlp/grm_media/runs/binary_host/msd_heart_mri_graphseg_segformer_b0_s1_mediafinal_graphseg_mri_e120/ckpt/best.pt",
    "data_verbose": 1,
    "depth": 3,
    "feat_dim": 256,
    "gaussian_sigmas": "0.75,1.25,2.0",
    "graph_down": 2,
    "grid4": 1,
    "hidden": 512,
    "idx_eval": "/users/project1/pt01315/emnlp/grm_media/dataset_splits/msd_heart_mri_352/test.txt",
    "img_size": 352,
    "max_batches": 0,
    "min_areas": "25,50,100,250",
    "morph_ks": "3,5,7,9,11",
    "npz_all": "/users/project1/pt01315/emnlp/grm_media/data_npz/msd_heart_mri_352.npz",
    "out_csv": "/users/project1/pt01315/emnlp/grm_media/results/refiner_zoo_uncert/msd_heart_mri_mediafinal_graphseg_mri_e120_zoo.csv",
    "out_summary": "/users/project1/pt01315/emnlp/grm_media/results/refiner_zoo_uncert/msd_heart_mri_mediafinal_graphseg_mri_e120_zoo.json",
    "seed": 1,
    "unet_base": 32,
    "workers": 2
  },
  "summary": [
    {
      "alpha": 3.0,
      "harmed_rate": 0.38738738738738737,
      "improved_rate": 0.5990990990990991,
      "mean_dice": 0.3256714199171155,
      "mean_gain": -0.011187869416979785,
      "mean_harm": 0.060060309807103994,
      "mean_iou": 0.2407479030958095,
      "method": "binary_morph",
      "n": 222,
      "worst_drop": -0.45660719657423576
    },
    {
      "alpha": 5.0,
      "harmed_rate": 0.3963963963963964,
      "improved_rate": 0.5900900900900901,
      "mean_dice": 0.32996533338318235,
      "mean_gain": -0.006893955950912939,
      "mean_harm": 0.062199693134492334,
      "mean_iou": 0.24560275247834132,
      "method": "binary_morph",
      "n": 222,
      "worst_drop": -0.4566071965848781
    },
    {
      "alpha": 7.0,
      "harmed_rate": 0.4099099099099099,
      "improved_rate": 0.5765765765765766,
      "mean_dice": 0.32980538610336363,
      "mean_gain": -0.007053903230731701,
      "mean_harm": 0.0630743333944405,
      "mean_iou": 0.24484034191319445,
      "method": "binary_morph",
      "n": 222,
      "worst_drop": -0.45127188607055274
    },
    {
      "alpha": 9.0,
      "harmed_rate": 0.4144144144144144,
      "improved_rate": 0.5720720720720721,
      "mean_dice": 0.35380917604523127,
      "mean_gain": 0.01694988671113592,
      "mean_harm": 0.0507662804177546,
      "mean_iou": 0.2610032354691423,
      "method": "binary_morph",
      "n": 222,
      "worst_drop": -0.32762586226819124
    },
    {
      "alpha": 11.0,
      "harmed_rate": 0.47297297297297297,
      "improved_rate": 0.5135135135135135,
      "mean_dice": 0.3579164242550516,
      "mean_gain": 0.021057134920956382,
      "mean_harm": 0.04990984327995527,
      "mean_iou": 0.26397560384609325,
      "method": "binary_morph",
      "n": 222,
      "worst_drop": -0.3276258622754054
    },
    {
      "alpha": 3.0,
      "harmed_rate": 0.3783783783783784,
      "improved_rate": 0.4369369369369369,
      "mean_dice": 0.33768972969368455,
      "mean_gain": 0.0008304403595893182,
      "mean_harm": 0.0003702322740402521,
      "mean_iou": 0.22610734035264365,
      "method": "close_only",
      "n": 222,
      "worst_drop": -0.00527126753761431
    },
    {
      "alpha": 5.0,
      "harmed_rate": 0.4594594594594595,
      "improved_rate": 0.40540540540540543,
      "mean_dice": 0.33877809265925546,
      "mean_gain": 0.0019188033251601455,
      "mean_harm": 0.0016036962136284703,
      "mean_iou": 0.22698654602318244,
      "method": "close_only",
      "n": 222,
      "worst_drop": -0.011438980790905606
    },
    {
      "alpha": 7.0,
      "harmed_rate": 0.509009009009009,
      "improved_rate": 0.38288288288288286,
      "mean_dice": 0.33891828324786605,
      "mean_gain": 0.002058993913770746,
      "mean_harm": 0.004667550381311112,
      "mean_iou": 0.22643886111951936,
      "method": "close_only",
      "n": 222,
      "worst_drop": -0.041027506864387164
    },
    {
      "alpha": 9.0,
      "harmed_rate": 0.5540540540540541,
      "improved_rate": 0.36036036036036034,
      "mean_dice": 0.3384373431635924,
      "mean_gain": 0.0015780538294971024,
      "mean_harm": 0.009763593905861198,
      "mean_iou": 0.2251502700582316,
      "method": "close_only",
      "n": 222,
      "worst_drop": -0.0705931333959604
    },
    {
      "alpha": 11.0,
      "harmed_rate": 0.5540540540540541,
      "improved_rate": 0.38288288288288286,
      "mean_dice": 0.33736273495588376,
      "mean_gain": 0.0005034456217884388,
      "mean_harm": 0.014284000593614867,
      "mean_iou": 0.22365529439855608,
      "method": "close_only",
      "n": 222,
      "worst_drop": -0.09246240619530333
    },
    {
      "alpha": 0.0,
      "harmed_rate": 0.0,
      "improved_rate": 0.0,
      "mean_dice": 0.3368592893340953,
      "mean_gain": 0.0,
      "mean_harm": 0.0,
      "mean_iou": 0.22539323650174348,
      "method": "fill_holes",
      "n": 222,
      "worst_drop": 0.0
    },
    {
      "alpha": 0.0,
      "harmed_rate": 0.0,
      "improved_rate": 0.0,
      "mean_dice": 0.3368592893340953,
      "mean_gain": 0.0,
      "mean_harm": 0.0,
      "mean_iou": 0.22539323650174348,
      "method": "host",
      "n": 222,
      "worst_drop": 0.0
    },
    {
      "alpha": 0.0,
      "harmed_rate": 0.36486486486486486,
      "improved_rate": 0.6126126126126126,
      "mean_dice": 0.3278356514653175,
      "mean_gain": -0.00902363786877778,
      "mean_harm": 0.0610659497684344,
      "mean_iou": 0.24265836125971027,
      "method": "largest_cc",
      "n": 222,
      "worst_drop": -0.4574042307143301
    },
    {
      "alpha": 0.0,
      "harmed_rate": 0.36486486486486486,
      "improved_rate": 0.6126126126126126,
      "mean_dice": 0.3278356514653175,
      "mean_gain": -0.00902363786877778,
      "mean_harm": 0.0610659497684344,
      "mean_iou": 0.24265836125971027,
      "method": "lcc_fill",
      "n": 222,
      "worst_drop": -0.4574042307143301
    },
    {
      "alpha": 3.0,
      "harmed_rate": 0.30180180180180183,
      "improved_rate": 0.6846846846846847,
      "mean_dice": 0.3367649690250353,
      "mean_gain": -9.432030906004378e-05,
      "mean_harm": 0.0040015366909611294,
      "mean_iou": 0.2265982370430611,
      "method": "open_close",
      "n": 222,
      "worst_drop": -0.10666666218433526
    },
    {
      "alpha": 5.0,
      "harmed_rate": 0.38288288288288286,
      "improved_rate": 0.6036036036036037,
      "mean_dice": 0.33866873984296875,
      "mean_gain": 0.0018094505088734243,
      "mean_harm": 0.016636759076831,
      "mean_iou": 0.23359822301797237,
      "method": "open_close",
      "n": 222,
      "worst_drop": -0.303999990642627
    },
    {
      "alpha": 7.0,
      "harmed_rate": 0.42792792792792794,
      "improved_rate": 0.5585585585585585,
      "mean_dice": 0.33519042909670854,
      "mean_gain": -0.0016688602373867224,
      "mean_harm": 0.038645932714384754,
      "mean_iou": 0.23922295033672342,
      "method": "open_close",
      "n": 222,
      "worst_drop": -0.3864836310926097
    },
    {
      "alpha": 9.0,
      "harmed_rate": 0.5,
      "improved_rate": 0.4864864864864865,
      "mean_dice": 0.3280307180418588,
      "mean_gain": -0.008828571292236577,
      "mean_harm": 0.05405592151176063,
      "mean_iou": 0.23910821355484121,
      "method": "open_close",
      "n": 222,
      "worst_drop": -0.40374999941296336
    },
    {
      "alpha": 11.0,
      "harmed_rate": 0.536036036036036,
      "improved_rate": 0.45045045045045046,
      "mean_dice": 0.3166947743574983,
      "mean_gain": -0.020164514976597016,
      "mean_harm": 0.07555695493661022,
      "mean_iou": 0.2371651340440299,
      "method": "open_close",
      "n": 222,
      "worst_drop": -0.5080564695306974
    },
    {
      "alpha": 0.05,
      "harmed_rate": 0.4774774774774775,
      "improved_rate": 0.3918918918918919,
      "mean_dice": 0.3366916494253939,