{
  "args": {
    "arch": "unet_small",
    "backbone": "segformer_b0",
    "batch": 8,
    "bilateral_sigmas": "0.05,0.10,0.20",
    "ckpt": "/users/project1/pt01315/emnlp/grm_media/runs/binary_host/polyps_official_unet_b32_s1_mediafinal_unet_e120/ckpt/best.pt",
    "data_verbose": 1,
    "depth": 3,
    "feat_dim": 256,
    "gaussian_sigmas": "0.75,1.25,2.0",
    "graph_down": 2,
    "grid4": 1,
    "hidden": 512,
    "idx_eval": "/users/project1/pt01315/emnlp/grm_media/dataset_splits/polyps_official_352/test.txt",
    "img_size": 352,
    "max_batches": 0,
    "min_areas": "25,50,100,250",
    "morph_ks": "3,5,7,9,11",
    "npz_all": "/users/project1/pt01315/emnlp/grm_media/data_npz/polyps_official_352.npz",
    "out_csv": "/users/project1/pt01315/emnlp/grm_media/results/refiner_zoo_uncert/polyps_official_mediafinal_unet_e120_zoo.csv",
    "out_summary": "/users/project1/pt01315/emnlp/grm_media/results/refiner_zoo_uncert/polyps_official_mediafinal_unet_e120_zoo.json",
    "seed": 1,
    "unet_base": 32,
    "workers": 2
  },
  "summary": [
    {
      "alpha": 3.0,
      "harmed_rate": 0.3233082706766917,
      "improved_rate": 0.600250626566416,
      "mean_dice": 0.5636963881334596,
      "mean_gain": -0.0017097077229035406,
      "mean_harm": 0.026390798784921385,
      "mean_iou": 0.49534090791155333,
      "method": "binary_morph",
      "n": 798,
      "worst_drop": -0.6042787766022074
    },
    {
      "alpha": 5.0,
      "harmed_rate": 0.29949874686716793,
      "improved_rate": 0.6203007518796992,
      "mean_dice": 0.5610202560217237,
      "mean_gain": -0.004385839834639582,
      "mean_harm": 0.028193874777569197,
      "mean_iou": 0.49268386826520355,
      "method": "binary_morph",
      "n": 798,
      "worst_drop": -0.6042787766025757
    },
    {
      "alpha": 7.0,
      "harmed_rate": 0.3132832080200501,
      "improved_rate": 0.6140350877192983,
      "mean_dice": 0.5623143076770284,
      "mean_gain": -0.00309178817933459,
      "mean_harm": 0.02756337004514525,
      "mean_iou": 0.49390633524393385,
      "method": "binary_morph",
      "n": 798,
      "worst_drop": -0.6042787766029425
    },
    {
      "alpha": 9.0,
      "harmed_rate": 0.2744360902255639,
      "improved_rate": 0.6591478696741855,
      "mean_dice": 0.5637332842638987,
      "mean_gain": -0.0016728115924644256,
      "mean_harm": 0.02674549806598636,
      "mean_iou": 0.49517300682444676,
      "method": "binary_morph",
      "n": 798,
      "worst_drop": -0.6042787766028326
    },
    {
      "alpha": 11.0,
      "harmed_rate": 0.3007518796992481,
      "improved_rate": 0.631578947368421,
      "mean_dice": 0.5636903048083711,
      "mean_gain": -0.0017157910479919938,
      "mean_harm": 0.02687636650585917,
      "mean_iou": 0.4950958077147687,
      "method": "binary_morph",
      "n": 798,
      "worst_drop": -0.6042787766027226
    },
    {
      "alpha": 3.0,
      "harmed_rate": 0.5162907268170426,
      "improved_rate": 0.39348370927318294,
      "mean_dice": 0.5658160270556261,
      "mean_gain": 0.0004099311992629386,
      "mean_harm": 0.0008567228571715166,
      "mean_iou": 0.48098287590216604,
      "method": "close_only",
      "n": 798,
      "worst_drop": -0.012671313930810502
    },
    {
      "alpha": 5.0,
      "harmed_rate": 0.5012531328320802,
      "improved_rate": 0.40977443609022557,
      "mean_dice": 0.5665209072358816,
      "mean_gain": 0.0011148113795184922,
      "mean_harm": 0.0018301068906569956,
      "mean_iou": 0.48146129758629913,
      "method": "close_only",
      "n": 798,
      "worst_drop": -0.024826131088501957
    },
    {
      "alpha": 7.0,
      "harmed_rate": 0.5350877192982456,
      "improved_rate": 0.38721804511278196,
      "mean_dice": 0.5670056216926345,
      "mean_gain": 0.0015995258362713287,
      "mean_harm": 0.0026806131423923454,
      "mean_iou": 0.4817615547234919,
      "method": "close_only",
      "n": 798,
      "worst_drop": -0.036842828626929
    },
    {
      "alpha": 9.0,
      "harmed_rate": 0.5087719298245614,
      "improved_rate": 0.40601503759398494,
      "mean_dice": 0.5673823082262675,
      "mean_gain": 0.001976212369904338,
      "mean_harm": 0.003317859559974312,
      "mean_iou": 0.4820279283404558,
      "method": "close_only",
      "n": 798,
      "worst_drop": -0.04118638412612974
    },
    {
      "alpha": 11.0,
      "harmed_rate": 0.5350877192982456,
      "improved_rate": 0.38972431077694236,
      "mean_dice": 0.5675148859480628,
      "mean_gain": 0.0021087900916997573,
      "mean_harm": 0.004151610320016417,
      "mean_iou": 0.4820770382469957,
      "method": "close_only",
      "n": 798,
      "worst_drop": -0.05586565375239594
    },
    {
      "alpha": 0.0,
      "harmed_rate": 0.0,
      "improved_rate": 0.0,
      "mean_dice": 0.565406095856363,
      "mean_gain": 0.0,
      "mean_harm": 0.0,
      "mean_iou": 0.4807224434065871,
      "method": "fill_holes",
      "n": 798,
      "worst_drop": 0.0
    },
    {
      "alpha": 0.0,
      "harmed_rate": 0.0,
      "improved_rate": 0.0,
      "mean_dice": 0.565406095856363,
      "mean_gain": 0.0,
      "mean_harm": 0.0,
      "mean_iou": 0.4807224434065871,
      "method": "host",
      "n": 798,
      "worst_drop": 0.0
    },
    {
      "alpha": 0.0,
      "harmed_rate": 0.2568922305764411,
      "improved_rate": 0.4774436090225564,
      "mean_dice": 0.5612817156562059,
      "mean_gain": -0.004124380200157241,
      "mean_harm": 0.028877430049996388,
      "mean_iou": 0.49336378385305235,
      "method": "largest_cc",
      "n": 798,
      "worst_drop": -0.6088451695006406
    },
    {
      "alpha": 0.0,
      "harmed_rate": 0.2568922305764411,
      "improved_rate": 0.4774436090225564,
      "mean_dice": 0.5612817156562059,
      "mean_gain": -0.004124380200157241,
      "mean_harm": 0.028877430049996388,
      "mean_iou": 0.49336378385305235,
      "method": "lcc_fill",
      "n": 798,
      "worst_drop": -0.6088451695006406
    },
    {
      "alpha": 3.0,
      "harmed_rate": 0.33959899749373434,
      "improved_rate": 0.5852130325814536,
      "mean_dice": 0.5653346793780891,
      "mean_gain": -7.141647827403967e-05,
      "mean_harm": 0.001120146929055032,
      "mean_iou": 0.4812136279918588,
      "method": "open_close",
      "n": 798,
      "worst_drop": -0.05803263860051128
    },
    {
      "alpha": 5.0,
      "harmed_rate": 0.34461152882205515,
      "improved_rate": 0.5902255639097744,
      "mean_dice": 0.5641158445332894,
      "mean_gain": -0.001290251323073635,
      "mean_harm": 0.004088006557687182,
      "mean_iou": 0.48121155310045016,
      "method": "open_close",
      "n": 798,
      "worst_drop": -0.24440943852046348
    },
    {
      "alpha": 7.0,
      "harmed_rate": 0.3508771929824561,
      "improved_rate": 0.5839598997493735,
      "mean_dice": 0.5639800095947018,
      "mean_gain": -0.0014260862616611053,
      "mean_harm": 0.0059848547892061175,
      "mean_iou": 0.48195246161963196,
      "method": "open_close",
      "n": 798,
      "worst_drop": -0.28609975356962275
    },
    {
      "alpha": 9.0,
      "harmed_rate": 0.36215538847117795,
      "improved_rate": 0.5726817042606517,
      "mean_dice": 0.5636630857081707,
      "mean_gain": -0.0017430101481923845,
      "mean_harm": 0.008164833378784837,
      "mean_iou": 0.48269777836340005,
      "method": "open_close",
      "n": 798,
      "worst_drop": -0.33964129370062407
    },
    {
      "alpha": 11.0,
      "harmed_rate": 0.35463659147869675,
      "improved_rate": 0.5802005012531328,
      "mean_dice": 0.5627959275293497,
      "mean_gain": -0.0026101683270134367,
      "mean_harm": 0.010835109725092532,
      "mean_iou": 0.48288120399184464,
      "method": "open_close",
      "n": 798,
      "worst_drop": -0.6317343165232531
    },
    {
      "alpha": 0.05,
      "harmed_rate": 0.41854636591478694,
      "improved_rate": 0.4924812030075188,
      "mean_dice": 0.5654160283525522,