{
  "args": {
    "arch": "graphseg",
    "backbone": "segformer_b0",
    "batch": 8,
    "bilateral_sigmas": "0.05,0.10,0.20",
    "ckpt": "/users/project1/pt01315/emnlp/grm_media/runs/binary_host/polyps_official_graphseg_segformer_b0_s1_mediafinal_graphseg_e120/ckpt/best.pt",
    "data_verbose": 1,
    "depth": 3,
    "feat_dim": 256,
    "gaussian_sigmas": "0.75,1.25,2.0",
    "graph_down": 2,
    "grid4": 1,
    "hidden": 512,
    "idx_eval": "/users/project1/pt01315/emnlp/grm_media/dataset_splits/polyps_official_352/test.txt",
    "img_size": 352,
    "max_batches": 0,
    "min_areas": "25,50,100,250",
    "morph_ks": "3,5,7,9,11",
    "npz_all": "/users/project1/pt01315/emnlp/grm_media/data_npz/polyps_official_352.npz",
    "out_csv": "/users/project1/pt01315/emnlp/grm_media/results/refiner_zoo_uncert/polyps_official_mediafinal_graphseg_e120_zoo.csv",
    "out_summary": "/users/project1/pt01315/emnlp/grm_media/results/refiner_zoo_uncert/polyps_official_mediafinal_graphseg_e120_zoo.json",
    "seed": 1,
    "unet_base": 32,
    "workers": 2
  },
  "summary": [
    {
      "alpha": 3.0,
      "harmed_rate": 0.5388471177944862,
      "improved_rate": 0.45864661654135336,
      "mean_dice": 0.22545094431699245,
      "mean_gain": -0.03040262352368348,
      "mean_harm": 0.05686053508070514,
      "mean_iou": 0.16455770816571597,
      "method": "binary_morph",
      "n": 798,
      "worst_drop": -0.5092571427564634
    },
    {
      "alpha": 5.0,
      "harmed_rate": 0.5463659147869674,
      "improved_rate": 0.4523809523809524,
      "mean_dice": 0.22684012133847778,
      "mean_gain": -0.029013446502198215,
      "mean_harm": 0.05683383925265116,
      "mean_iou": 0.16651943295136262,
      "method": "binary_morph",
      "n": 798,
      "worst_drop": -0.5092571427578034
    },
    {
      "alpha": 7.0,
      "harmed_rate": 0.5576441102756893,
      "improved_rate": 0.44110275689223055,
      "mean_dice": 0.2273557836497185,
      "mean_gain": -0.028497784190957446,
      "mean_harm": 0.05562508317765488,
      "mean_iou": 0.16765195977375966,
      "method": "binary_morph",
      "n": 798,
      "worst_drop": -0.5092571427606026
    },
    {
      "alpha": 9.0,
      "harmed_rate": 0.5476190476190477,
      "improved_rate": 0.45112781954887216,
      "mean_dice": 0.23101048287063788,
      "mean_gain": -0.024843084970038072,
      "mean_harm": 0.05408630005171791,
      "mean_iou": 0.17095653794359914,
      "method": "binary_morph",
      "n": 798,
      "worst_drop": -0.509257142766922
    },
    {
      "alpha": 11.0,
      "harmed_rate": 0.5363408521303258,
      "improved_rate": 0.462406015037594,
      "mean_dice": 0.23478096068847792,
      "mean_gain": -0.021072607152198025,
      "mean_harm": 0.05235694188554382,
      "mean_iou": 0.17366138496829803,
      "method": "binary_morph",
      "n": 798,
      "worst_drop": -0.509257142768886
    },
    {
      "alpha": 3.0,
      "harmed_rate": 0.39473684210526316,
      "improved_rate": 0.5827067669172933,
      "mean_dice": 0.256671006560729,
      "mean_gain": 0.0008174387200530316,
      "mean_harm": 0.0001601510303155965,
      "mean_iou": 0.1722589847968252,
      "method": "close_only",
      "n": 798,
      "worst_drop": -0.0037186596725256593
    },
    {
      "alpha": 5.0,
      "harmed_rate": 0.37719298245614036,
      "improved_rate": 0.6077694235588973,
      "mean_dice": 0.2587891533621639,
      "mean_gain": 0.0029355855214878955,
      "mean_harm": 0.0006540916366409738,
      "mean_iou": 0.17400250555540742,
      "method": "close_only",
      "n": 798,
      "worst_drop": -0.015678262254966435
    },
    {
      "alpha": 7.0,
      "harmed_rate": 0.38596491228070173,
      "improved_rate": 0.6027568922305765,
      "mean_dice": 0.2609958650805563,
      "mean_gain": 0.005142297239880277,
      "mean_harm": 0.001336615340944864,
      "mean_iou": 0.17583660707525564,
      "method": "close_only",
      "n": 798,
      "worst_drop": -0.024832293217136592
    },
    {
      "alpha": 9.0,
      "harmed_rate": 0.39348370927318294,
      "improved_rate": 0.5964912280701754,
      "mean_dice": 0.26360808337869435,
      "mean_gain": 0.007754515538018322,
      "mean_harm": 0.0022386319145660575,
      "mean_iou": 0.17798595300271813,
      "method": "close_only",
      "n": 798,
      "worst_drop": -0.03575996032694362
    },
    {
      "alpha": 11.0,
      "harmed_rate": 0.39974937343358397,
      "improved_rate": 0.5889724310776943,
      "mean_dice": 0.26595653398340174,
      "mean_gain": 0.010102966142725805,
      "mean_harm": 0.0031495841928519766,
      "mean_iou": 0.17978252339600717,
      "method": "close_only",
      "n": 798,
      "worst_drop": -0.06325481790749188
    },
    {
      "alpha": 0.0,
      "harmed_rate": 0.0,
      "improved_rate": 0.0,
      "mean_dice": 0.255853567840676,
      "mean_gain": 0.0,
      "mean_harm": 0.0,
      "mean_iou": 0.17157154108234254,
      "method": "fill_holes",
      "n": 798,
      "worst_drop": 0.0
    },
    {
      "alpha": 0.0,
      "harmed_rate": 0.0,
      "improved_rate": 0.0,
      "mean_dice": 0.255853567840676,
      "mean_gain": 0.0,
      "mean_harm": 0.0,
      "mean_iou": 0.17157154108234254,
      "method": "host",
      "n": 798,
      "worst_drop": 0.0
    },
    {
      "alpha": 0.0,
      "harmed_rate": 0.5538847117794486,
      "improved_rate": 0.43734335839599,
      "mean_dice": 0.22227884096953598,
      "mean_gain": -0.03357472687114001,
      "mean_harm": 0.058626659105130374,
      "mean_iou": 0.16220171505537379,
      "method": "largest_cc",
      "n": 798,
      "worst_drop": -0.509257142754548
    },
    {
      "alpha": 0.0,
      "harmed_rate": 0.5538847117794486,
      "improved_rate": 0.43734335839599,
      "mean_dice": 0.22227884096953598,
      "mean_gain": -0.03357472687114001,
      "mean_harm": 0.058626659105130374,
      "mean_iou": 0.16220171505537379,
      "method": "lcc_fill",
      "n": 798,
      "worst_drop": -0.509257142754548
    },
    {
      "alpha": 3.0,
      "harmed_rate": 0.4674185463659148,
      "improved_rate": 0.531328320802005,
      "mean_dice": 0.25583504329887075,
      "mean_gain": -1.8524541805202267e-05,
      "mean_harm": 0.0013322455961970042,
      "mean_iou": 0.17199009959947426,
      "method": "open_close",
      "n": 798,
      "worst_drop": -0.06083651939096303
    },
    {
      "alpha": 5.0,
      "harmed_rate": 0.5012531328320802,
      "improved_rate": 0.4974937343358396,
      "mean_dice": 0.2545720770674335,
      "mean_gain": -0.0012814907732424778,
      "mean_harm": 0.005430887043365288,
      "mean_iou": 0.17215433619216758,
      "method": "open_close",
      "n": 798,
      "worst_drop": -0.10980966303773845
    },
    {
      "alpha": 7.0,
      "harmed_rate": 0.5388471177944862,
      "improved_rate": 0.4598997493734336,
      "mean_dice": 0.2517053818347289,
      "mean_gain": -0.004148186005947062,
      "mean_harm": 0.01088417463265768,
      "mean_iou": 0.17114991805818747,
      "method": "open_close",
      "n": 798,
      "worst_drop": -0.11412103721985302
    },
    {
      "alpha": 9.0,
      "harmed_rate": 0.5601503759398496,
      "improved_rate": 0.43859649122807015,
      "mean_dice": 0.24679984181612574,
      "mean_gain": -0.009053726024550235,
      "mean_harm": 0.018236255953076343,
      "mean_iou": 0.16886200308153837,
      "method": "open_close",
      "n": 798,
      "worst_drop": -0.1648526117749623
    },
    {
      "alpha": 11.0,
      "harmed_rate": 0.5827067669172933,
      "improved_rate": 0.41604010025062654,
      "mean_dice": 0.2402562961823866,
      "mean_gain": -0.015597271658289403,
      "mean_harm": 0.02657259580401529,
      "mean_iou": 0.16541328550761022,
      "method": "open_close",
      "n": 798,
      "worst_drop": -0.2781171811580865
    },
    {
      "alpha": 0.05,
      "harmed_rate": 0.4473684210526316,
      "improved_rate": 0.5451127819548872,